id,name,age,address,phone,email
1,Catherine Andrews,61,"901 Coleman Causeway
Robertport, WI 65574",875-670-6035x459,joseph23@example.net
2,Amy Roberts,73,"5872 Nguyen Drives Apt. 672
New Lisa, NC 47030",(215)426-1496,yangbarbara@example.com
3,Destiny Ramirez,39,"6390 Hughes Mountains Apt. 825
East Julieland, MI 23528",+1-799-537-9149x5395,millerdarren@example.org
4,Jacob Hill,66,"339 Morton Plains
Erikmouth, NV 59616",607-394-7879,richardsonallison@example.net
5,Robert Blair,18,"Unit 5804 Box 6775
DPO AE 42791",675-473-3654,ortegalawrence@example.net
6,Erica Mitchell,29,"604 Vincent Valley
East Aliciaton, VT 45740",4964904209,perkinsjustin@example.org
7,Roberta Roberts,79,"583 Hunter Inlet
New Adamhaven, PA 34614",(831)619-6139x18005,joel22@example.com
8,Terry Michael,79,"PSC 7605, Box 1017
APO AE 16729",(569)772-2595,toniwilson@example.org
9,Jonathan Munoz,23,"51311 Diane Rapids
North Jonathan, DC 02508",(728)824-8285x41685,natasha08@example.org
10,Traci Gallegos,68,"3108 Young Mills
North Darrylchester, GA 34019",001-827-462-8495x8837,melissawaters@example.org
11,David James,67,"18334 Hansen Harbor Suite 069
Fisherville, AS 97468",(798)346-7573,sean45@example.net
12,Bradley Brandt,40,"16997 Andrews Mountains
Port Williammouth, VA 46844",622.753.8441x900,scottmichael@example.com
13,Craig Lewis,42,"199 Yesenia Rue Suite 254
North Wesleymouth, PA 71428",+1-817-390-0925,camposkathleen@example.net
14,Megan Lopez,55,"USNS Herrera
FPO AE 46615",992-415-1676x61825,wthompson@example.net
15,Carol Erickson,53,"6092 Gregory Lake
North Cynthiaborough, RI 54922",924.292.6592,emiller@example.net
16,Craig Rice,35,"40147 Natasha Freeway Suite 036
West Amber, TN 09007",297-707-6097,phillipallen@example.com
17,Miss Nicole Patterson,27,"3748 Galvan Villages Apt. 264
Rodriguezberg, OH 90406",608.512.2249x352,joygoodwin@example.net
18,James Smith,57,"PSC 0826, Box 6774
APO AE 21546",(283)996-3430,pamela87@example.com
19,Amber Ware,59,"033 Krueger Canyon
Thomasfort, MN 86110",+1-809-917-9088,ringram@example.net
20,Bradley Hobbs,80,"7047 Pollard Port Suite 778
Kaylaberg, AS 90610",001-810-965-8914,tammyscott@example.net
21,Alexandra Griffith,43,"2736 Miller Flats
New Richard, VT 35883",+1-947-306-8550x3374,virginiagreen@example.com
22,Maria Garcia,63,"0171 Jennifer Unions Suite 371
Davisland, ND 18516",(849)821-7118x25560,lelliott@example.org
23,Peter Welch,53,"492 Marcus Island
North Jesseton, UT 52670",+1-514-790-4616x92346,jeffreyesparza@example.org
24,Jeffrey Flores,56,"74972 Santos Ranch
Port Whitneymouth, ME 95931",(717)241-1299,wallerjoshua@example.org
25,Cindy Bond,30,"885 Brian Vista
Wilsonland, IN 68605",(369)953-0459x84473,jonesbrenda@example.net
26,Amber Bell,21,"23738 Alexander Mount
Lake Shannon, PA 29295",001-948-973-7159x2208,fwilliams@example.org
27,Leslie Maxwell,37,"PSC 8841, Box 6800
APO AA 07646",3855852395,mitchellmary@example.org
28,Jillian Gordon,68,"842 Bell Square Suite 216
Port Kaitlyn, DE 16270",(627)681-5008,lisanewman@example.net
29,Sheri Kennedy,24,"Unit 9311 Box 6834
DPO AE 22526",748.239.1796x656,nstewart@example.com
30,Francisco Lopez,60,"28743 Lindsey Path Apt. 601
Lake David, VI 56655",+1-330-973-1104,brian52@example.com
31,Nathaniel Weaver,76,"Unit 8230 Box 0715
DPO AE 17207",482-835-5475x57363,mlowery@example.org
32,Amanda Holland,71,"370 Gonzalez Ville Apt. 091
Butlerbury, OH 64740",498.358.3748,amandabrooks@example.org
33,Christopher Watkins,47,"73898 Angela Summit Suite 200
New Danielchester, AS 47822",486.646.4298x7836,patricia88@example.net
34,Scott Garcia,62,"584 Keith Squares Apt. 296
North Diana, IL 61136",631.446.2918x657,shannon56@example.org
35,Dana Perez,50,"49115 Maddox Roads Suite 933
Sandersmouth, LA 44722",001-517-339-9356,rbryant@example.com
36,Keith Williams,63,"2733 Cooper Highway
Hallfort, VA 33675",4426967491,hbell@example.org
37,Allen Lynch,38,"45739 Bridges Street Suite 040
Anthonyberg, IA 52659",(252)287-3303,xdonaldson@example.com
38,Anthony Wise,31,"6324 Moore Keys
Christopherbury, OR 26953",+1-864-498-2307x61787,gdiaz@example.org
39,William Underwood II,69,"41308 Ayala Way
Ellismouth, NH 29568",345-337-5203x710,jeffreyking@example.org
40,James Mccoy,71,"82830 Gordon Mountain
Burnsburgh, AS 54447",994.610.8472,kristinmontes@example.net
41,Shelby Taylor,25,"49916 Wesley Radial
Powellside, NH 32236",+1-667-206-9510,emily69@example.org
42,Jack Shelton,35,"41737 Sarah Shores
West Mark, VA 50408",751-771-3745,susan76@example.org
43,Donna Reyes,67,"640 Lori Brook
East Johnnybury, MI 35367",(944)684-1182x36028,andrew05@example.com
44,Jennifer Guerrero,56,"30393 Coleman Spurs
Courtneyside, WY 16586",001-221-419-7660x267,cynthiabautista@example.org
45,Alex Powell,75,"5475 Matthew Stream
East Shawnfurt, HI 75936",001-289-837-7442x78815,alexismartinez@example.org
46,Joseph Moore,78,"PSC 4008, Box 6515
APO AP 81288",735.987.6207,lmitchell@example.org
47,Trevor Stephens,57,"965 Wendy Mountains
East Leslie, FM 84721",(411)445-5803,williamsjacob@example.org
48,Wesley Green,64,"USNS Sharp
FPO AE 97353",635.626.4460x22885,nbishop@example.net
49,Andrew Harrison,31,"72133 Sarah Isle Apt. 969
New Stephen, HI 92636",(961)728-0387x649,tmckay@example.net
50,Charles Green,31,"765 Tran Glen
New Peter, MA 61150",624-620-5443,browngregory@example.com
51,Robert Deleon,39,"70047 Jackson Squares Apt. 544
Lake Michael, CT 15405",280-303-4631,mwilson@example.org
52,Clayton Hanna Jr.,26,"5349 Miguel Lane
Lake Erin, WI 27863",511-680-9041x89189,janetcampbell@example.org
53,Ana Zamora,71,"63565 Barnes Square
Lake Kimberlyville, UT 89251",001-250-680-7012x3967,ocole@example.org
54,Daniel Richards,46,"42886 Eaton Mall Suite 559
Bradleybury, LA 87888",001-234-643-5674x7105,kelly30@example.org
55,Jennifer Bowen,51,"26119 Castillo Mill
New Dorothyberg, MH 24806",(601)473-7665,michaelcampos@example.net
56,Gail Mcdaniel,46,"36695 Franklin Circle Apt. 541
South Gina, OR 43870",534-531-4824,doris42@example.net
57,Dale Hernandez,28,"7211 Clark Valleys Suite 642
Wrightshire, VT 38159",225.297.1404x20621,hmills@example.org
58,Courtney Choi,73,"45114 Cooper Spurs
Port Emily, NJ 48319",916.533.8506,jacobporter@example.net
59,Candice Gillespie,33,"517 Reginald Field
Frenchfurt, TX 87557",670-495-6435x44493,pguzman@example.net
60,Dr. Nicholas Manning,25,"992 Jenna Islands
North William, WY 09524",571-998-5562x38256,villanuevajeffery@example.org
61,Michael Villarreal,34,"1203 Price Island Apt. 417
West Carolynton, WY 07858",789.617.8949x6586,wdavis@example.net
62,Terry Peters,53,"09325 Smith Corner Suite 698
North Kaitlin, MO 46542",298-885-5789x65763,fmooney@example.org
63,Heidi Walker,70,"8453 Nelson Crossing Suite 167
Kariborough, VI 47097",597.264.1192,nhobbs@example.org
64,Antonio Freeman,24,"77790 Tony Cliff Suite 543
Johnsonborough, MN 14350",354-313-4881,michael19@example.org
65,Larry Stephens,21,"22714 Fletcher Ports Suite 151
Kylefort, DC 16803",9342633379,boydcarolyn@example.net
66,Frank Parker,48,"6991 Richard Station Apt. 032
East Josephburgh, MN 46109",514.560.4385x1934,hshaw@example.com
67,Christy Bond,21,"176 Pamela Extensions Suite 346
Dixonbury, WA 24044",(219)817-4542x776,tammywise@example.com
68,Benjamin George,72,"1841 Beth Skyway
North Daniellestad, VT 87155",734-538-8642x95955,lowecody@example.org
69,Ian Rasmussen,75,"918 Robert Junction
Greenview, CO 47341",702-297-0033x053,melissabautista@example.net
70,Jennifer Ray,37,"PSC 4993, Box 9769
APO AE 16161",001-588-797-4481x697,markallen@example.net
71,Jay Johnson,62,"450 Kennedy Views Apt. 051
Thomashaven, AS 17414",+1-576-937-4765x6100,ericksoncody@example.com
72,Robert Garrett,28,"3629 Matthew Fork Suite 723
Jimenezville, SC 57396",429.697.5879x0373,adamblanchard@example.com
73,Kathleen Hicks,58,"7459 Christina Ridge Apt. 981
East Anthonymouth, MH 58359",8859998187,khumphrey@example.org
74,Steven Kane,52,"56191 Simmons Ridges
Rogersstad, MI 51597",(572)490-9588x8648,josestewart@example.com
75,Wayne Reyes,36,"35695 Anthony Plaza
Bergbury, MT 58340",800-973-5439x60730,welchjason@example.net
76,Sara Chapman,61,"762 Mary Wall Suite 248
East Debra, MI 51724",001-802-990-0122x091,lpruitt@example.org
77,Miguel Orozco,24,"841 Hill Springs
West Colin, SD 10801",7225262456,andrearodgers@example.net
78,Mark Wallace,65,"12825 Hawkins Terrace Suite 559
Lake Thomas, FL 95626",(331)550-4714,christinaharrison@example.org
79,Vincent Bond,80,"59823 Kenneth Grove
Manuelmouth, CO 31209",+1-551-210-0481x98621,jrichardson@example.com
80,Thomas Fisher,41,"88940 Barry Spurs
Millerborough, NY 36656",+1-501-569-8710x051,ryan48@example.net
81,Wayne Zamora,35,"1549 Jenkins Stravenue
Mendezhaven, KS 63712",001-762-423-2897,bsanchez@example.com
82,Summer Collins,32,"1858 Williamson Shore
Roweview, MT 27422",001-851-531-0127,lloydjames@example.net
83,Hailey Morgan,38,"7655 Evans Circles Suite 496
Danielschester, AS 42736",+1-702-960-5980x3252,ethanbrown@example.com
84,Sarah Turner,63,"3904 Beasley Corners Apt. 945
Rosalesport, AL 89264",(434)668-2247,griffinlisa@example.net
85,Nicole Smith,71,"069 Alexander Bridge Suite 280
Danielton, MS 71431",001-902-297-3314x285,chelsearamsey@example.net
86,Tammy Peterson,67,"473 Hodge Roads Suite 962
Rhodesfurt, NJ 60423",001-967-490-0021x68103,abigailtyler@example.org
87,Amanda Brown,22,"094 Daniel Manors
South Annetteview, NY 38460",508.752.5026x14317,fisheremma@example.org
88,David Romero,65,"7152 Karen Key Suite 832
New Matthewmouth, AL 50612",(948)422-0094x80876,deanmatthew@example.com
89,Jennifer Freeman,54,"442 Lawrence Prairie Suite 511
Stephanieshire, RI 91807",+1-291-919-0927,hornejulia@example.net
90,Jennifer Bennett,56,"7964 Anna Courts Suite 001
Lake Dakotashire, GA 32718",303.558.0343x1728,riveraallison@example.com
91,Dawn Austin,38,"578 Wade Divide
Port Jennifertown, NJ 42658",(802)800-6414x51210,timothy81@example.org
92,Victoria Webster,59,"USNS Cruz
FPO AP 03300",+1-649-435-3529,jensendanielle@example.net
93,Jeffrey Bentley,66,"6158 Swanson Rapids Apt. 625
West Courtney, IA 60408",(359)710-7598x4821,jessicacastillo@example.org
94,Angelica Baker,37,"84472 Martinez Ford
Andersonmouth, RI 44216",001-387-565-7952x11612,jeffrey37@example.net
95,Michael Day,36,"928 Patricia Course
Lawsonhaven, NC 24138",601-222-8478,mpowell@example.org
96,Gregory Sweeney,77,"0384 Mills Street
Bennettland, MT 83445",2294917117,stephanieyoung@example.net
97,Jeff Mcdonald,80,"4151 Allen Highway Suite 472
Ericfurt, MN 50135",001-808-919-1704x24627,daniellewalters@example.com
98,Mary Cross,21,"17398 Freeman Pines Apt. 553
South Davidland, MD 94827",520-643-8908x215,jillandrews@example.net
99,Haley Burton,54,"9489 Taylor Plaza Suite 186
Amberbury, KS 74523",390-700-3818x943,greenkaren@example.net
100,Sarah Riley,53,"7747 Jacob Groves Apt. 946
New Jennifer, KY 72874",9664996253,brewerdavid@example.net
101,Arthur Fletcher,76,"42072 Catherine Rapid
South Melissa, SD 07784",+1-308-797-0619x620,wcrawford@example.org
102,Jason Gonzalez,50,"USS Parker
FPO AA 99415",(710)667-1673x20149,leediane@example.org
103,Laurie Sanchez,19,"PSC 3673, Box 5714
APO AE 06280",001-823-639-5582,sharon25@example.org
104,William Salazar,37,"5946 Ortiz Pass Suite 548
Maynardshire, NC 95112",(823)350-9378x85888,ronald54@example.com
105,Kenneth Thomas,52,"60457 Stephanie Canyon Apt. 832
Port Michaelfort, IN 27172",001-781-383-7826x944,jeffray@example.com
106,Jessica Palmer,67,"526 Michael Turnpike Apt. 085
Elliotthaven, FM 07448",(358)863-6448x1537,ygreen@example.net
107,Brandon Carroll,23,"PSC 3204, Box 8864
APO AA 40195",433-772-5279x3500,stevenspatrick@example.com
108,Julia Morrow,40,"251 Angela Villages
Lake Lanceshire, TN 77171",656.697.7598x107,williamstravis@example.com
109,Barbara Wagner,23,"44053 Melinda Shores
Cookview, MP 28069",001-335-503-8531,timothy22@example.net
110,Mary Williams,61,"267 Kelly Isle Apt. 138
Port Christina, CO 89163",443-458-3664x3593,johnsonryan@example.org
111,Debra Davis,66,"901 Marshall Mews
New Patricia, FM 33377",+1-316-497-0356x4047,sheppardjonathan@example.org
112,Patrick Vazquez,51,"79858 Steven Mall Suite 668
East Johntown, WA 38629",(492)674-1887,parker71@example.com
113,Matthew Barnes,43,"53299 Landry Throughway Apt. 934
East Kendrabury, ME 34411",001-348-683-7442x10077,wfoster@example.org
114,Adam Parker,38,"2049 Danielle Freeway Apt. 790
Tanyaburgh, WV 28216",001-785-639-2082x519,amymosley@example.com
115,Linda Carroll,80,"13772 Paul Ways Suite 949
Joneston, MA 63809",368-521-3197,mendozamelanie@example.com
116,Rachel Henson,28,"609 Jonathan Trafficway
Lake Michaelburgh, DE 80881",755-763-2121x0246,douglassullivan@example.com
117,Bryan Johnson,18,"48804 Kristin Falls Apt. 326
New Mary, MH 77342",+1-470-430-6164x79610,yspencer@example.org
118,Brittany Norton,62,"208 Jeffrey Ranch Apt. 990
North Tonyabury, MI 26393",(883)514-2945,gwendolyn43@example.org
119,Curtis Moss,24,"8479 David Knoll
Stephanieview, AL 87303",609-682-0262,kim50@example.org
120,Carmen Hernandez,38,"73398 Arnold Vista
Port Carolyn, AS 77137",509.260.3002x88619,uhobbs@example.org
121,Carly Fitzgerald,78,"622 Lynn Rapids Apt. 905
Lake Haydenville, IN 27766",734.631.9754x95181,uorozco@example.net
122,Jeremiah Cook,42,"772 Brown Dam
Port Anne, NY 91306",(626)228-1898x8979,lisawilliams@example.net
123,Danielle Castillo,21,"9247 Lisa Overpass
Port Glenn, MI 17541",+1-887-522-8823x57913,qjohnson@example.org
124,Angela Smith,27,"18960 Rice Fords
North Sandra, AL 57674",452.829.0047x69473,thomasdebra@example.net
125,Calvin Rowe,71,"164 Tony Roads Apt. 940
South Ryan, NM 34380",557-425-1680x20665,johnrobertson@example.net
126,Rebecca Cunningham,73,"5658 Harper Fields
North Andrew, KS 97667",(675)798-1987x4467,drew01@example.net
127,Gordon Cooper,23,"8602 Nelson Avenue Apt. 917
Port Anthonyburgh, AL 09837",(367)367-5141x7011,wangtrevor@example.org
128,Amanda Valentine,31,"3935 Cook Mission
Kimberlychester, HI 71125",(449)967-5270x8236,georgeolson@example.net
129,Richard Leonard,58,"Unit 2274 Box 0071
DPO AA 66020",+1-656-453-1501,graykathleen@example.net
130,Eric Torres,18,"50032 Wilson Mill
Karenland, CA 35193",+1-309-488-7955,tjones@example.net
131,Susan Richards,51,"2083 James Mission Apt. 754
West Amberton, UT 06293",+1-896-550-8092,katrinaestrada@example.com
132,Hannah Boyd,74,"56161 Young Garden
East Johnchester, UT 12997",439.291.9442,cherylhenson@example.net
133,John Hudson,36,"9163 Travis Landing
Anthonyport, SD 08825",879.902.7232,gabriellejackson@example.net
134,Henry Simmons,67,"756 Braun Mall Apt. 394
Kathleenborough, MP 81287",+1-910-582-6815x87605,charles32@example.net
135,Doris Archer,71,"341 Burns Fords Suite 080
Port Hollybury, VA 78850",001-739-345-3085x379,jsullivan@example.org
136,James Stanton,26,"5094 Donald Squares Suite 786
South Jason, KY 25228",001-765-791-5347x7985,davidjohnson@example.net
137,Richard Hampton,73,"926 Baxter Square
New Theresaport, SC 40070",(453)533-9624x300,jennifer64@example.org
138,Kelly Arnold,80,"Unit 4949 Box 7066
DPO AP 42218",(293)342-3517,palmermadeline@example.com
139,Vanessa Smith,37,"PSC 2902, Box 1180
APO AA 54432",(848)682-5927,gfrank@example.com
140,Michelle Melendez,60,"00761 Jennifer Village
Lake Davidborough, FL 75668",(465)890-7609x3151,nnguyen@example.net
141,Michelle Callahan,34,"515 Steele Flat
East Joshualand, AZ 44496",(248)301-8692,ubarnes@example.com
142,Wendy Reed,21,"33892 Howard Village
Briannaburgh, NJ 18856",790.477.5951,johnmurray@example.net
143,Christopher Sellers,23,"83287 Courtney Mountains Suite 049
New Justin, AR 07246",264-764-0251,corydavis@example.org
144,Michael King,41,"69966 Rachel Dale
Lake Amymouth, SC 29427",+1-788-443-2450x46473,martinrobert@example.org
145,Joseph Johnson,28,"369 Michael Cliffs Apt. 517
Michaelside, MO 49351",8458653028,nicholasbell@example.com
146,Michael Lewis,30,"098 King Place Suite 663
Lake Lawrencehaven, AR 59016",867.810.0546,nortoncarlos@example.net
147,David Morris,38,"14339 Bailey Extension
Port John, OK 31578",(241)580-7096x0699,bbishop@example.net
148,Martha Summers,45,"Unit 2574 Box 5532
DPO AA 94035",223-612-1833,jbush@example.net
149,Joshua Oneal,65,"060 Espinoza Lodge Suite 871
Michaelfurt, OK 15628",844-445-4623,christinehenderson@example.org
150,Russell Jackson,66,"1087 Jay Walk Suite 488
Kennethton, KY 51138",320-548-2164,kennethcombs@example.com
151,Vanessa Miller,62,"2040 Leslie Hollow Apt. 334
Patriciachester, NY 77644",001-972-244-8094x9120,william86@example.net
152,Chelsea Whitaker,33,"90814 Teresa Courts
Vanessaton, MN 58737",001-518-217-7976,smithnicole@example.net
153,Nicholas Smith,35,"183 Navarro Port
Saraton, FM 63510",3262245254,ewalls@example.org
154,Manuel Moore,78,"767 Jennifer Mills
North Andrea, WY 89189",001-809-469-6023x9899,aroberts@example.com
155,Marc Bryant,41,"875 Collins Alley Suite 044
Port Jennifer, NM 99685",9204384612,taraprince@example.net
156,Spencer Mcgee,59,"806 Hood Falls
Nicoleburgh, PW 09999",(951)733-2708x5414,ustevenson@example.net
157,Tommy Sutton,30,"38244 Diaz Trace Suite 717
Ortiztown, MP 91726",+1-640-547-0657x1337,mccarthyrobin@example.org
158,Carla Maldonado,33,"994 Ashley Knolls Apt. 016
Brooksburgh, MT 63929",(530)487-5796x605,tholland@example.com
159,Sheri Osborne,62,"232 James Union
Andersonbury, MT 92535",001-997-606-1358x970,diana15@example.org
160,Alyssa Greene,56,"023 Antonio Rue
Griffinmouth, NH 76277",001-567-837-9495x9354,davisjoseph@example.net
161,Tyler White,52,"91210 Sheila Course Apt. 696
Ellisport, VI 44118",5395072062,hnielsen@example.org
162,Christopher Lopez,38,"005 Stefanie Crest
New Alexander, NM 55787",342.806.4202x7047,weberjames@example.org
163,Kaitlyn Lucas,32,"07661 Samantha Villages
South Eric, OR 09936",675.248.5806x00560,ahogan@example.com
164,Leslie Brady,59,"7121 Robert Landing Apt. 046
Daniellestad, IN 44175",(789)323-2425x0386,tinawilson@example.com
165,Sara Wise,24,"PSC 9036, Box 2555
APO AP 43482",980.960.3698x29470,brett82@example.org
166,Michele Harris,38,"Unit 3579 Box 5989
DPO AA 64126",995-875-0117,xwilliams@example.com
167,Nicole Taylor,41,"60085 Kelli Courts Apt. 884
Cannonfort, FM 97334",(509)626-2116x852,hrios@example.com
168,Cynthia Patrick,46,"PSC 8834, Box 8455
APO AP 88463",(600)424-0761x43213,lauralittle@example.net
169,Austin Mcconnell,45,"58831 Bell Lake
Port Anthony, WI 31570",+1-657-324-0107x66098,morrisonmatthew@example.org
170,John Black,30,"63651 John Lock Apt. 776
Justinchester, FL 76934",(347)291-8199,brandon03@example.org
171,Shawn Gonzales,41,"443 Smith Orchard
West Kevin, IN 64748",+1-892-957-0608x34599,sobrien@example.com
172,Leslie Brown,18,"8498 Benjamin Mission Apt. 167
Alexandermouth, AZ 25785",001-997-779-9721x508,billy32@example.org
173,Ralph Juarez,66,"USCGC Brown
FPO AE 69320",425-832-5142,xdavis@example.org
174,Devin Turner,72,"73212 Anne Fields
New Mark, FL 48042",(788)602-2311,qjones@example.com
175,Donna Alexander,76,"Unit 9497 Box 4799
DPO AA 09492",(958)867-7465x573,waltonjeremy@example.com
176,Alicia Wilcox,33,"2153 Amber Centers
Lauraland, NH 86859",(761)454-9537x40375,samantha21@example.org
177,John Perez,29,"USNS Sullivan
FPO AE 58481",(958)849-1946x31575,patrick09@example.org
178,Albert Alexander,30,"637 Kyle Mills
Jessicaburgh, TN 26114",584.927.6454x7624,carlwilliams@example.net
179,Christy Fuller,44,"4055 Timothy Rapid
Cherylville, KY 69546",(674)803-9800x3205,regina43@example.com
180,James Thompson,60,"278 Johnson Lodge Apt. 692
Lindseyland, KS 10230",721.590.9213,olee@example.net
181,Carmen Nelson,62,"96659 Regina Lodge Suite 001
Sydneyborough, MN 09711",577.401.9965x404,castillomiguel@example.org
182,Mark Harris,33,"2259 Crawford Coves
Langville, KY 09735",(809)527-5017x45774,zlarson@example.com
183,Amy Hardy,25,"469 Tonya Ferry
South Robertmouth, TN 81407",001-775-345-3865,caldwellsamantha@example.org
184,Stephanie Lozano,29,"88590 Gibson Turnpike
Kimland, SC 78290",001-783-368-8250x573,matthew46@example.org
185,Jason Haley,24,"7415 Douglas Vista
Port John, NY 88846",001-897-868-4734x3687,tcopeland@example.org
186,Richard Meyer,41,"02003 Maria Springs Apt. 857
Davisfurt, AS 94623",(571)897-9764,xbaxter@example.org
187,Michael Berry,36,"4465 Cole Green
Lake Laurenstad, AK 40306",+1-969-481-6232x5465,abautista@example.com
188,Michael Curtis,68,"7527 Dominguez Square Apt. 987
Valeriestad, KY 85706",556-313-0688x9441,gloriahoffman@example.com
189,Sandra Reynolds,69,"90033 Lisa Stravenue
New Kathrynchester, VI 42393",001-851-884-4620x73905,lsantos@example.net
190,Kathleen Weaver,21,"801 Douglas Motorway
South Jesusburgh, ME 40418",001-914-986-5552x20097,uclark@example.com
191,Charles Lang,62,"06060 Barbara Rapid Suite 417
Morganland, VT 03795",+1-735-410-4272x976,poncedavid@example.com
192,Jonathan Anderson,29,"0212 Joyce Curve Suite 331
East Bryanmouth, NV 61969",3915436680,bjones@example.net
193,Katherine Cole,36,"23931 Green Freeway
Lisaside, VT 57604",410.559.2019,calderonandrew@example.com
194,Thomas Barron,60,"315 Calderon Inlet
Wilsonville, MI 21744",001-668-975-8577x268,nwong@example.com
195,Michael Hoffman,52,"PSC 1959, Box 5350
APO AP 24383",421.780.7930,ysoto@example.org
196,Nancy Mcguire,37,"108 Nicholas Point
South Kevinville, HI 46874",(776)273-2027,julie35@example.com
197,Logan Clark,31,"4693 Robert Coves
East Jasmine, PR 66574",+1-990-595-9266x998,lbowers@example.net
198,Robert Smith,74,"952 Kimberly Junction Suite 190
Saraland, ME 71430",+1-781-478-3003x748,gevans@example.com
199,Ian Hughes,23,"USNS Vincent
FPO AA 83920",536-450-7352x8176,wsmith@example.org
200,Frank Stone,57,"56433 Rios Prairie Apt. 709
New Briana, VA 97818",(341)946-9678x05567,vball@example.com
201,Jaime Klein,69,"809 William Knolls
South Jamesport, ID 39984",(362)749-1993x72330,patrick42@example.org
202,Jennifer Mcdaniel,43,"76545 Walker Well Apt. 940
Devinbury, PW 17227",797.944.8797x99741,davidwolf@example.org
203,Walter Thornton,57,"22902 Lisa Ranch Apt. 851
Morgantown, LA 51523",231-220-6588x565,vparker@example.com
204,Matthew Garcia DDS,29,"5103 Warren Radial
Brandonstad, MA 46254",6405276610,glen77@example.org
205,Veronica Kim,49,"724 Cole Square
Stevenport, CA 36198",6983822725,kconner@example.com
206,Victoria Mckinney,50,"24915 Matthew Spurs
North Thomas, OH 56945",430-989-7234x85968,rjones@example.org
207,Julia Werner,69,"2394 Jessica Stream
Johnsonside, NV 17537",532-629-1949x4708,amylozano@example.net
208,Emily Strong,59,"618 Miguel Summit
Maddenfort, NM 42180",261-709-5709,jessicalindsey@example.org
209,Christopher Garcia,22,"7699 Jay Harbors Suite 075
North Kellyport, CT 80368",(692)884-7219,angela26@example.org
210,James Potter,41,"4886 William Locks
New James, UT 86247",202-253-9238x037,ashley19@example.org
211,Karen Smith,57,"218 Hannah Junction
Jasmineberg, CT 30728",4182605382,brownemily@example.com
212,John Miller,53,"6674 Branch Parks Suite 499
Nicolemouth, DE 70970",(918)792-3892x1132,asolis@example.com
213,Craig Zhang,75,"53342 Brandon Crossroad Apt. 663
Ashleyhaven, IL 44559",(422)798-6553x408,wrightchristopher@example.org
214,Ashley Murphy,68,"Unit 8885 Box 9454
DPO AA 29748",(878)253-5634,turnerdavid@example.com
215,Dana Rivera,22,"35219 Lisa Dam Suite 253
Ramirezbury, DE 36793",(663)861-4624x089,carterelizabeth@example.org
216,Steven Morrison,29,"655 Kevin Squares Apt. 420
Amandamouth, NM 10524",722-794-5953,stonejeffery@example.net
217,Melissa Humphrey,80,"5897 Scott Cliffs Apt. 504
North Tinabury, FM 26619",833-425-2705,calvinkeith@example.com
218,Charles Ferguson,52,"6828 Rice Parkways Suite 258
Kariport, NJ 12813",(312)792-9486x38685,patricia21@example.net
219,Luis Phillips,60,"USNV Salinas
FPO AE 87184",967-969-2183x25825,jthomas@example.org
220,Jennifer Sims,55,"44501 Julie Locks
Lopezhaven, ND 45381",863.312.9676x766,danielwilliams@example.org
221,Christopher Webb,28,"5931 Matthew Mountain Suite 605
Beckyview, HI 88970",215.226.6641,rebecca43@example.net
222,Tonya Wilson,25,"95506 Jackson Mountains Suite 940
Lake Julianland, GU 85440",585.514.4160x0072,sferguson@example.net
223,Carla Thompson,61,"2158 Jillian Inlet
Garciamouth, DC 90864",+1-686-342-1353,parksbianca@example.com
224,Randy Smith,61,"542 Baker Roads Apt. 868
Elainefort, PA 61190",347-497-1092x286,mollycollins@example.org
225,Tiffany Ross,62,"218 Jonathan Tunnel Suite 435
West Robertton, VA 09914",001-265-405-5439x34479,wolfterrance@example.net
226,Isabella Estrada,40,"332 Bryan Plain Suite 573
Chrisside, VI 74218",(593)403-7288x330,markgonzalez@example.org
227,Erica Valentine,51,"4025 Johnson Pass
Jonesmouth, KY 46187",8865137164,jennagarcia@example.com
228,George Yu,41,"75968 Jackson Tunnel Apt. 021
North Lisa, LA 19575",617.955.2644x056,pamelabutler@example.com
229,Cory Carpenter,32,"8486 Joseph Road
East Chelseashire, OK 26010",001-975-324-5323x097,jamesbowen@example.org
230,Cindy Newman,20,"7445 Lynch Walk Suite 184
Coxborough, CO 44064",530-611-4195x59250,taylormelanie@example.org
231,Adriana Warren,41,"Unit 0996 Box 7143
DPO AP 87154",(738)656-3890,jackmccoy@example.net
232,Donald Hicks,42,"3672 Aguilar Way
East Rebecca, OK 76482",302.559.5850x3100,ricardobrown@example.net
233,Spencer Deleon,49,"01851 Megan Extensions Suite 718
East Rebeccaville, PR 91029",001-229-613-2501x908,jenniferjackson@example.com
234,Tyler Atkinson,45,"1198 Dorothy Point
New Michaelbury, DE 76070",516.858.7045x48797,ohuang@example.com
235,Alexander Larson,76,"875 Barker Fields Apt. 870
Lake Melissashire, KY 38665",719-819-1234x167,beth04@example.com
236,James Hood,24,"72283 Lowe Burg Apt. 846
Barkerburgh, NM 18795",+1-774-804-7630x401,ybarnes@example.org
237,Nathan Pratt,63,"108 Lisa Grove Apt. 804
East Curtis, AR 58411",(561)848-0289,stonealicia@example.org
238,Antonio Wells,75,"051 William Rapids
Scottland, MA 77828",(666)236-5910x276,callahanchristina@example.com
239,Cheryl Torres,38,"986 Taylor Lakes
Gabrielamouth, PA 47381",+1-876-745-4019x759,randypatton@example.org
240,Paul Allison,73,"USCGC Roberts
FPO AE 76903",888-904-1451x9579,burnsbrandon@example.net
241,Caitlin Howell,35,"86883 Roberts Inlet Apt. 197
North James, OR 25893",001-603-989-6611x49204,clong@example.com
242,Melanie Herrera,78,"6482 Jack Glen
Lake James, UT 90426",(659)590-6943,morrisonrobert@example.net
243,Emily Martin,23,"8218 Baker Forks
Port Kaylachester, MP 03328",573.711.9915x641,rodrigueztodd@example.com
244,Ashley Clark,58,"50942 Michelle Landing Apt. 362
Gregoryfort, AZ 43122",978.360.1017,shelley52@example.com
245,Joseph Roth,77,"Unit 3137 Box 7681
DPO AE 88339",666-315-3032x12201,ksullivan@example.com
246,Michael Smith,57,"69265 Manning Ferry
West Maria, MP 07690",734-970-1877,vgriffin@example.com
247,Dr. Angela Hopkins,27,"5767 Stacey Port
Schultzfort, MA 34422",915.289.6827,jessica34@example.net
248,Trevor Zamora,61,"8948 Andrea Lake
Port Adamfurt, IA 83647",+1-688-874-2695x565,ekramer@example.net
249,Christopher Wheeler MD,67,"USNS Boone
FPO AA 11804",393-316-6459,ricky71@example.net
250,Andre Chang,56,"525 Maria Ford Suite 219
Stoneton, WA 25877",001-613-925-1559x95771,jason37@example.org
251,Randy Jennings,18,"100 Savannah Streets
Loriville, MP 66598",325-432-2823,omorales@example.org
252,Mary Adams,74,"390 Johnson Park Suite 256
North Justin, MP 18908",+1-964-945-8613,mooreangela@example.com
253,Sarah Hall MD,78,"73563 April Center
Greeneton, VI 67810",(385)492-0183x776,melissa49@example.org
254,Julia Colon MD,21,"Unit 7690 Box 6807
DPO AP 93955",366.929.5788,wkline@example.net
255,Ashley Alvarez,58,"96697 Lindsay Port
South Robertbury, MH 69928",(249)786-9141,salazarlindsay@example.net
256,Kevin Larsen,33,"7974 Sandra Meadow Suite 429
Allenton, OR 97245",412.635.7034x026,atkinsadam@example.com
257,Teresa Bailey,79,"PSC 2680, Box 9816
APO AP 92079",+1-877-832-4826x463,erin01@example.com
258,Jacob Bailey,44,"8539 Mark Summit Suite 558
Pamelaview, PW 69422",001-579-407-5522x0189,deborah47@example.net
259,Grace Day,41,"USCGC Baker
FPO AP 34249",(417)964-3976x126,scotthodges@example.net
260,Dakota Sanchez MD,34,"PSC 5068, Box 8642
APO AA 31527",(869)936-2781x4577,shannonlogan@example.org
261,Angela Ellison,70,"252 Fritz Unions
Owensfort, ND 88430",+1-496-413-2512x917,reginawalker@example.org
262,Ashley Gregory,30,"0652 Jones Mall
South Andrewtown, NC 58221",985-338-9358x64545,ejohnson@example.org
263,Zoe Smith,55,"USNS Cooper
FPO AA 03227",507.969.7231,colleen33@example.com
264,Kevin Ballard,80,"222 James Mount
New Joyce, NJ 46140",634.284.7656,adavidson@example.com
265,Lori Ryan,63,"893 Martinez Club
Calhounville, PW 76330",+1-335-862-1280x1143,christopher28@example.com
266,Angel Greene,37,"0502 Stevens Spurs
Williamberg, KS 40230",890-858-2796x889,marilynforbes@example.com
267,Crystal Collins,80,"3102 Nash Flat Apt. 180
Chaseside, OH 15531",001-749-331-4934x5566,jack39@example.com
268,Mr. Jamie Barnes,42,"022 Becky Shoals
North Christopherton, KS 50842",(592)572-3403x1822,alice22@example.net
269,James Brown,50,"706 Lauren Stream Suite 278
Daniellestad, MO 41536",227-523-8836x48752,joeljones@example.com
270,Peter Jenkins,61,"32036 Amanda Branch Suite 671
West Jessica, CT 60428",778.405.1668x41952,pameladavis@example.org
271,Rebecca Hunter,37,"28678 Jessica Turnpike
Garciaville, VA 72137",001-686-727-5496x20689,vsimmons@example.net
272,Wendy Trujillo,55,"PSC 8556, Box 7048
APO AP 46618",+1-396-380-0629x07334,frodriguez@example.org
273,Vincent Cowan,23,"69623 Jensen Camp
Ryanberg, WA 24766",001-691-656-8876x8096,petersondavid@example.net
274,Carolyn Manning,38,"868 Steven Dale Apt. 535
Hortonfurt, MO 10801",001-519-770-1976x751,hannah70@example.org
275,Angela Mcdonald,59,"44470 Melanie Mission Suite 254
East Kristinastad, MH 38893",586-403-2660,johnsonjohn@example.net
276,Richard Morris,47,"84293 Fitzpatrick Shoals Suite 393
East Davidfort, NE 79487",493-228-1926x2877,huffmichelle@example.org
277,Charlene Boyd,47,"0957 Rice Lock Suite 616
Port Stephaniemouth, NY 12033",560-844-6438x2533,vanessa29@example.org
278,Sheila Keller,74,"4063 Megan Neck Suite 081
Logantown, NC 87449",588-804-9514x970,sbennett@example.org
279,Bobby Adams,40,"569 Emily Cape Apt. 141
North Dana, UT 38484",954.794.0092x076,gonzalezshane@example.net
280,Benjamin Jordan,43,"887 Wright Plaza
South Janet, PR 15455",414-388-2036,vasquezkenneth@example.org
281,James Flores,37,"957 Shawn Run Apt. 800
Chasemouth, NC 64379",(669)832-1842x52147,rebeccawang@example.net
282,Michelle Hanson,69,"1535 Wise Stream Suite 056
Wangview, NE 36926",980.401.8089,susancombs@example.com
283,Tara Thompson,36,"Unit 2787 Box 2965
DPO AP 99340",(234)939-3119x1984,melissaking@example.org
284,Heather Daugherty,62,"4673 Walker Cape Suite 324
Morganport, SC 91961",781.659.4577x62825,qwheeler@example.com
285,Christina Prince,47,"3941 Andrews Groves Apt. 713
Vanessaton, OH 73961",+1-446-950-1212,barrettrhonda@example.com
286,Kathleen Cooper,39,"7992 Hanson Key Suite 038
North Karenport, MS 21368",+1-312-415-5771x858,psnyder@example.org
287,Richard Yang,80,"Unit 9474 Box 1714
DPO AE 08346",(754)742-7448x352,james40@example.net
288,Julie Coleman,78,"PSC 9014, Box 6007
APO AA 87513",001-746-542-7403,courtneygallagher@example.com
289,Tina Walters,52,"0856 Collins Wall Suite 806
Port Jim, WI 69072",(708)698-9282x88102,jwood@example.org
290,Linda Ford,39,"2807 Bell Isle Apt. 325
Port Daniel, DE 20700",(486)506-0044,lopezjennifer@example.com
291,Carl Garcia,27,"70370 Michael Route Suite 598
New Brianton, SC 38371",949.519.8648,romeroconnie@example.net
292,Darlene Hammond,62,"6136 Lucas Rue Apt. 191
East Jessica, AZ 46164",+1-820-270-5918x356,eric27@example.net
293,Stephen Bishop,24,"USNS Beck
FPO AP 70872",001-680-453-7804x58692,aliciarichardson@example.com
294,Andrew Olson,39,"77160 Davenport Extensions
Taylormouth, VT 24282",3055494966,pattersonjeff@example.org
295,Andrew Rodriguez,24,"988 Anthony Mount Suite 214
Jessicashire, IA 20614",(516)871-6753x379,mitchellwilson@example.org
296,Brian Wallace,69,"869 Garcia Mountains
Morenomouth, MA 59394",7729442143,adamschristopher@example.net
297,Keith Spence,30,"6974 Danielle Meadow
West Ericaview, OK 05722",626.345.2447,jeffreybrooks@example.org
298,Heidi Campbell,22,"014 Ryan Drives Apt. 229
Jamiefurt, MH 57327",001-308-405-7010x27880,wmckenzie@example.net
299,Cory Pugh,35,"096 Fowler Road Suite 342
East Matthew, GA 83172",230-316-5441x9820,tonirobinson@example.com
300,Michael Bradford,19,"939 Moran Junctions
New Justin, DE 66032",(942)499-8450,pricejennifer@example.org
301,Olivia Clark,36,"48397 Elizabeth Road Apt. 535
Port Saramouth, MO 14815",798-551-3255,robert17@example.org
302,Julian Estrada,29,"88489 Taylor Brooks Suite 387
Jeffreyburgh, NH 23351",001-336-696-8389x054,rachel62@example.com
303,Antonio Jones,73,"892 Jimmy Station
Margaretbury, FM 40177",(563)364-8635x171,eric33@example.com
304,Stephanie Williams,70,"9888 James Highway Suite 977
Jonesview, AK 55373",829.317.6052x0131,dickersonlisa@example.com
305,Lori Ryan,62,"USNV Berger
FPO AE 10212",+1-419-229-5465x1354,anna34@example.org
306,Carla Morris,23,"34042 Jason Wells
Obrienburgh, PW 83987",694-409-5353x846,joshua95@example.org
307,Melissa Gonzales,21,"71963 Ray Isle
Hoganland, OR 74427",001-460-472-8039,karensutton@example.net
308,Traci Green,22,"305 Samantha Rapid Suite 262
Port Terribury, GU 32090",(274)822-9885x1743,greenecraig@example.org
309,Jessica Gomez,63,"027 Walters Field
Natashaborough, RI 35700",290.519.0320,jmoore@example.org
310,Sean Logan,46,"175 Kimberly Isle Apt. 252
West Michelleburgh, ND 09865",9117958481,teresamarshall@example.com
311,Courtney Gibbs DDS,57,"20051 Katherine Key Suite 808
Stephanieport, NJ 94895",(797)546-4092x945,griffinalejandra@example.net
312,Kathleen Sims,71,"91735 Robinson Road Suite 269
Robertsburgh, NJ 74668",931.339.8360,steven02@example.net
313,Mark Freeman,18,"84571 Russell Turnpike Apt. 759
Port Alejandro, DC 06527",+1-787-888-3050x746,gallegossonia@example.org
314,Mackenzie Diaz,36,"Unit 7295 Box 2140
DPO AP 26743",+1-238-585-3358x37695,smithjennifer@example.org
315,Janice Jones,49,"08845 Doyle Loop Suite 122
Jeffmouth, TX 54421",301.210.8537x5369,njones@example.org
316,Nicole Fowler,73,"682 Tara Cliffs Suite 976
Andrewsberg, AZ 85665",426-961-5959x62403,joshuamelton@example.com
317,Sarah Richardson,62,"5342 Kathryn Orchard
Zacharyhaven, IL 02197",(220)881-7155,adrianwilliams@example.org
318,Steven Dickerson,76,"77499 Morris Keys Suite 778
Bergermouth, OR 11023",996.716.3868,hoffmanrobert@example.com
319,Michael Carpenter,57,"118 Jose Grove Apt. 877
East Phillipshire, MP 04533",+1-571-339-6478x320,fmoore@example.org
320,Alexandria Wood,22,"9259 Scott Port
West Jessicashire, OK 26168",(756)729-1024x14945,evansallison@example.com
321,Gary Brooks,49,"0727 Stone Ford Suite 531
Jennaburgh, GA 66214",(331)592-8700,msims@example.net
322,Dr. Jeffrey Stephens,53,"33140 Kari Garden Apt. 407
Dillonberg, SD 05209",(930)341-1374x486,jasmine06@example.com
323,Mr. Michael Reed,35,"5597 Meza Station Apt. 350
New Jennifershire, GA 52300",001-740-739-5429x9062,brandonwilson@example.org
324,Kim Moore,36,"59515 Smith Motorway Suite 730
North Jennifer, OH 37897",+1-717-484-3981x5094,christopher82@example.com
325,Yvette Lewis,19,"784 Glenn Mount
Rossshire, KS 53500",243.435.8834,mriley@example.org
326,Erica Dixon,36,"537 Deborah Orchard
Lake Angela, MD 81694",(465)556-4056x6187,ryanmeyer@example.org
327,Steven Carpenter,23,"13710 Miller View
Montesside, AK 81733",920-755-7704x9334,ojones@example.net
328,Caitlin Carter,18,"20638 Williams Manors Apt. 533
Tracyland, PW 32640",6424617734,diazwilliam@example.net
329,Justin Horne,51,"654 Hood Street Apt. 602
Rojasfort, HI 49540",260.318.6351x270,samuelluna@example.net
330,Corey Moss,36,"9247 Jennifer Rapids Apt. 007
Priceberg, RI 56572",639-279-9446x72278,rileynicole@example.com
331,Seth Howard,34,"535 Peterson Rest Apt. 745
Kristenstad, TX 19985",4075040586,jessecarlson@example.net
332,Jose Lang,69,"PSC 4182, Box 2561
APO AP 04038",+1-460-342-2582x0515,gerald70@example.org
333,Laura Davis,34,"20403 Desiree Passage Suite 122
West Tammy, SC 48771",317.788.2883x100,copelandjose@example.com
334,Gary Campbell,52,"547 Ochoa Cove Suite 231
North Danielmouth, SD 30820",990.270.5352x56687,mcclureeric@example.org
335,Gregory Clark,54,"5821 Jonathan Forks
Anthonyhaven, MA 88514",822.444.7266x6212,pwatts@example.net
336,Christopher Pearson,78,"76066 Gay Lodge
Jeffreyside, IL 90997",646-815-2828,ssanchez@example.org
337,Kyle Fuller,52,"4337 Alfred Stream Suite 659
South Brandon, PA 62939",001-602-402-2393x176,davehardy@example.net
338,Morgan Lee,57,"6420 Castillo Port
East Emilyberg, VI 87595",001-502-912-8647x95734,wfarley@example.net
339,Steven Burns,79,"19539 Brianna Forest Suite 103
Port Tracy, CT 69353",429.941.8385x095,joshua36@example.com
340,Rachel Walls,39,"53865 Meghan Manors
Lake Amyview, OK 99060",957.540.1492,rhicks@example.com
341,Mr. Thomas Richardson,18,"5817 Lisa Lake Apt. 578
South Lesliefort, WI 28847",(983)922-2358x009,bridget10@example.com
342,Stuart Lawson,43,"383 Edwin Court
East Bradley, IL 48596",671.564.6917,charles68@example.com
343,Alexis Strickland,20,"1892 Randy Terrace
South Anthony, WV 54275",001-275-478-5263x68342,kyle49@example.net
344,Miss Sarah Parker,45,"047 James Pike
Rogersport, WY 48177",(771)401-0924x479,debbie67@example.com
345,Caleb Underwood,76,"090 Harrison Shores Suite 094
Haileychester, LA 47037",369-968-3528,feliciadavis@example.org
346,Christopher Dillon,80,"05706 Crawford Throughway
Jonesland, AZ 51340",7578269544,cardenascameron@example.net
347,Danielle Obrien,40,"79442 Allen Lakes Suite 184
Randolphville, NM 61333",6245179300,jgonzales@example.net
348,Christine Johnson,51,"6755 John Inlet
West Colleenchester, OH 08459",+1-617-916-7011x227,fieldsjoshua@example.org
349,Stephen Everett,51,"85994 Camacho Ramp Apt. 059
West Michelleville, CT 98338",741.439.8951x897,rojasdavid@example.net
350,Derek Fuller,75,"731 Pennington Grove Apt. 641
Gonzalezport, MN 57580",001-862-562-0799x8250,tonyawerner@example.org
351,Amber Hughes,60,"5910 Zachary Park
Boyleville, MA 97332",273-420-5084x6884,gary90@example.com
352,Alyssa Bradley,30,"585 Donald Canyon
Villegasburgh, OK 61633",001-752-398-7545x846,gardnergabriela@example.org
353,Katherine Middleton,53,"3568 Steven Neck
North William, FL 31382",(531)366-2424x4024,jlogan@example.net
354,Brandon Rivera,44,"71947 Baker Creek Apt. 556
Nelsonhaven, MI 66296",001-657-484-2821x73803,jenniferjackson@example.com
355,Jason Clark,29,"Unit 5955 Box 8445
DPO AA 84042",625-424-0114x7201,chloe95@example.net
356,Harry Hardin,71,"16784 Logan Field Suite 302
Hullton, LA 11096",+1-434-721-3157,debramoore@example.org
357,Savannah Torres,52,"94307 Jessica Walks Apt. 262
New Antonioburgh, MH 02452",782.540.3914x2853,richard99@example.org
358,Brandon Newton,38,"97668 Alice Stravenue Suite 790
Rebeccaland, NM 32029",541.780.8549x2557,oliviagarcia@example.net
359,Jennifer Harrell,47,"1100 Michael Green Suite 172
Ashleyburgh, TX 87713",5755714988,alicia21@example.net
360,Jennifer Jenkins,32,"777 Crystal Landing
Scottfurt, WY 55816",+1-224-907-0245,stanley02@example.org
361,Kyle Watkins,74,"0830 Ashley Fall
Ashleyport, MD 39175",(962)937-2424,brandy84@example.com
362,Emily Bailey,74,"37139 Williams Ville Apt. 370
Stephenmouth, LA 43943",(987)294-4756x8019,floresisaac@example.com
363,Brian Barajas,64,"Unit 3303 Box 6421
DPO AP 66693",6037911074,david50@example.org
364,John Frederick,29,"925 Bishop Mews
Lake Aaron, WY 56340",583.215.9270x24381,kimberly73@example.org
365,Brenda Edwards,54,"55699 Sonya Throughway
Lake Patricia, AR 75783",+1-202-588-7870x4006,normawiggins@example.com
366,Erin Morse,31,"5628 Bruce Ferry Apt. 016
North Elizabethburgh, KS 37771",+1-291-992-1297x33636,robert87@example.com
367,Paul Serrano,64,"50954 Tran Turnpike
West Dominiqueside, UT 22660",427.586.4338x21534,toddlindsey@example.com
368,Darren Carrillo,69,"65978 Robertson Ford
Michaelfurt, OH 35949",+1-700-575-5531x65470,bennettlauren@example.org
369,Scott Bradford,48,"5730 Fritz Cliffs Apt. 154
Trevortown, PR 18936",(304)974-9746x74491,david40@example.com
370,Brian Ramos,49,"67144 Brenda Lakes
New Katie, HI 83798",555-328-4225x78404,daniel08@example.com
371,Yolanda Robinson,61,"30141 Andrea Neck Apt. 454
West Katie, VT 45382",483-577-8048x6139,lfisher@example.net
372,Michael James,65,"USNV Rice
FPO AA 61864",+1-424-549-8898,otyler@example.com
373,Courtney Wang,42,"7192 Wall Mountains
East Robert, UT 88580",342-823-5856,catherinejoyce@example.net
374,Lori Ramos,50,"59693 Debra Freeway
Lake Michael, PW 92460",+1-475-782-0260x55416,rmoreno@example.net
375,Eddie Cummings,71,"17843 Taylor Hill
East Sandra, AK 07054",+1-363-218-0799,michael83@example.net
376,Samantha Callahan,72,"10327 Williams Wall
West Sonyahaven, AK 17379",001-249-293-0506,stanley24@example.net
377,Regina Winters,77,"619 Kevin Gardens
South Christopherview, IL 15980",(230)225-9733,zacharymullen@example.org
378,April Campbell,39,"PSC 6377, Box 8795
APO AE 82930",001-447-214-8259x7953,thorntonjonathan@example.com
379,Katrina Russell,20,"5789 Wallace Cliff
Mendozaberg, CT 43543",931.494.0866x165,josephgonzalez@example.net
380,Mark Rogers,29,"539 Harper Court Suite 102
Tracystad, CT 66595",+1-314-439-5248,cgutierrez@example.org
381,Donald Kirk,53,"84974 Jodi Meadow
South Christopher, MI 56539",7414753601,rose53@example.com
382,Phillip Garrett,66,"676 Cody Walk
South Angelaburgh, CO 69856",001-685-685-5364x9664,chernandez@example.com
383,Gina Clark,49,"741 Shields Glen Suite 104
Lake Jamiemouth, KY 82162",+1-846-540-4840x43647,fisherjohn@example.com
384,Anthony Mann,75,"USCGC Norton
FPO AE 14851",+1-536-665-6052x83223,justinharrington@example.net
385,Danny Harmon,21,"PSC 8908, Box 4882
APO AE 21839",391-610-0924x21169,bryan67@example.net
386,Kathryn Smith,49,"99500 Joseph Island
Jameshaven, MH 40705",6942968804,youngmorgan@example.com
387,Mrs. Kathleen Miller PhD,22,"6970 Smith Roads
Powellberg, NH 24544",972.371.3674x437,keith18@example.com
388,Henry Mack,41,"7912 Allison Rue
Walkermouth, FL 49447",581.831.0384x941,nathanielneal@example.org
389,Angela Booker,36,"USS Murphy
FPO AA 17089",377-998-8267x0810,holtcameron@example.net
390,Tonya Brown,73,"63886 Stone Harbor Suite 322
Mariahstad, NY 85034",001-703-482-2224x4786,terrigreer@example.com
391,Jennifer White,25,"163 Patrick Gateway
Katherineside, SC 55428",685.689.0640x7150,cindyburke@example.com
392,Brian Lopez,28,"7626 Stephens Inlet
Port Joseland, UT 11887",780-336-1847,johnsonelizabeth@example.org
393,Kelly Hunt,57,"435 Forbes Burg
Thomasberg, NE 47645",798.783.8728,charleslawson@example.net
394,Thomas Rose,44,"02077 Susan Rue
New Jonathanfort, CO 35890",(946)279-0423,cmontgomery@example.com
395,Mrs. Ashley Guzman,80,"54052 Charles Roads Suite 537
Gonzalezburgh, TX 69279",(999)928-0046,ecarrillo@example.com
396,Gary Kelly,18,"1472 Bishop Ranch Suite 955
Lake Bryanhaven, MN 76533",001-815-494-3259x6151,yrichardson@example.net
397,Tiffany Jones,51,"9296 Laura Plain
East Melissa, IL 72337",824.942.4391x480,brianboyer@example.com
398,Andrew Hernandez,21,"04018 Lori Well
Vasquezburgh, DE 23249",(412)485-8617x316,nancy25@example.com
399,Angela Brown,80,"984 Cortez Park
East Andrew, WV 10705",+1-697-294-7418x4902,breanna17@example.net
400,Darlene Thompson,51,"Unit 5792 Box 1550
DPO AA 36269",620.331.8696x058,qgriffith@example.net
401,Kimberly Mack,29,"222 Blake Square
East Courtney, UT 50934",616.462.6195,marissaparker@example.com
402,Sarah Johnson,52,"48263 Meyer Expressway Suite 218
West Bradley, WA 99551",(560)983-5718x99224,scottrose@example.com
403,Juan Thornton,61,"8077 Eric Street Suite 052
Nguyenmouth, WI 08813",+1-738-483-8101,camerondawn@example.net
404,Nicholas Peterson,43,"833 Bennett Dam
Lake Kevinport, NE 20941",001-255-976-3599x2902,whall@example.net
405,Jacqueline Morris,24,"1635 Patterson Plains
North Anthony, CA 92776",344-586-7623,nhopkins@example.net
406,Tracy Benson,73,"468 Michael Harbor
Port John, GA 42417",(358)961-5490x53006,iduffy@example.com
407,Lisa Nelson,79,"3553 Roman Ramp
North Amyport, RI 62550",478-217-8549,edwardsjessica@example.net
408,Joshua Wilson,39,"37540 David Groves Suite 618
Jessicaland, IA 66833",457-802-1792,michelle23@example.org
409,Mckenzie Wood,25,"24688 Robert Roads Suite 950
North Scottport, TN 61076",347.367.4230x059,hdelgado@example.com
410,Crystal Miller,56,"55012 Rice Valley Suite 362
North Kennethview, PR 87738",787-419-6181,fsuarez@example.net
411,Manuel Price,42,"412 Erika Field
North Kelsey, CA 05929",+1-559-381-3149x3346,james66@example.com
412,Gabrielle Woods,28,"010 Kimberly Summit
South Christina, ME 07571",001-976-984-3350x0195,cooklisa@example.net
413,William Howe,78,"2444 Glass Meadows Suite 629
Elizabethbury, CA 27015",(828)977-5426,xsnyder@example.com
414,Tammy Fuentes,73,"85037 Cochran Roads Apt. 488
Gregoryshire, WI 31841",6999482735,twallace@example.org
415,Brett Mccoy,20,"93155 Madison Flats
Johnsonmouth, PW 84668",+1-855-544-0561x845,phillipsteresa@example.org
416,Amanda Hoover,41,"30193 Li Mall Suite 258
West Jamie, DC 09815",799.666.7535,jeffwilliams@example.net
417,Sheila Charles,21,"676 Kristen Trafficway Suite 937
West Stacey, MA 56149",9426857990,ngrant@example.com
418,Denise Becker,46,"07864 Cruz Green Suite 259
Stevensonbury, IA 53205",351.902.4501x55636,josephsantiago@example.org
419,Jacqueline Johnson,22,"23452 Donald Isle Apt. 191
Lake Noahchester, HI 52144",001-856-254-0197,wilsonstacey@example.com
420,James Dunn,64,"8927 Gaines Common
Harrisshire, OK 98063",001-294-286-0114x4357,ssmith@example.net
421,Christian Patterson,66,"037 Salas Fort
Samanthaside, SD 78026",5487645927,oedwards@example.com
422,Nicole Cameron,21,"990 Jenkins Viaduct
West Paul, HI 59005",001-915-298-3816x663,ysharp@example.net
423,Robert Dyer,31,"73674 Denise Fork Apt. 715
Alexandertown, OR 67866",+1-385-662-5237x94204,qroberts@example.org
424,Laura Golden,78,"630 Michael Landing Suite 797
New Jeanettefort, KS 69810",(685)685-4191,uskinner@example.com
425,Eric Johnson,18,"9055 Carpenter Freeway
Adamstown, PW 09022",001-424-567-0527,rlewis@example.com
426,Stacie Perry,18,"315 Carter Mission
Lake Heather, WY 72078",496-786-0720,krystaloneal@example.com
427,Kevin Hernandez,37,"054 Matthew Points Apt. 258
Joseborough, ND 11745",+1-310-497-3637x3546,allisonlauren@example.com
428,Alexander Morris,39,"9118 Cantrell Estate Suite 536
New Tyler, OR 64449",302-659-4901x202,katiekelly@example.com
429,Michael Smith,21,"521 Silva Passage Suite 888
Kimberlyshire, NY 48188",599.247.8596x1722,stephenwilkinson@example.net
430,Cynthia Shepard,29,"48043 Randy Dale Apt. 899
Port Davidtown, IN 59705",001-324-510-6959,vpearson@example.org
431,Lindsey Acosta,28,"07840 Cortez Grove Apt. 261
North Amanda, ID 03936",001-301-313-1514x425,edwardmurray@example.net
432,Elizabeth Smith,44,"3760 Robert Lights
Aaronberg, ME 86906",477.587.4328,jwalsh@example.net
433,Kayla Taylor,32,"778 Stacy Trafficway
Ashleytown, ME 25941",(883)351-6348x38792,hartwendy@example.net
434,Charles Hanson,63,"83366 Brown Landing
Aguirreport, LA 55110",+1-711-447-4715x142,christophersimmons@example.org
435,Mr. Christopher Miller Jr.,55,"3048 Johnathan Manor Apt. 007
Garyfort, WY 94836",378-270-2308x059,katie30@example.com
436,Terri King,46,"1519 Lori Estate
Williamside, KS 37233",257-355-5087,jamie20@example.net
437,Julie Johnson,40,"215 Patrick Plains
Chandlermouth, VT 01212",3654588933,yyoung@example.org
438,Phillip Stanley,20,"67647 Cheryl Cape
Kennethland, OR 65440",234-669-7770x65847,williamsrobert@example.org
439,Kelly Smith,43,"71678 Richard Shores Apt. 216
Deborahchester, UT 02717",+1-343-595-7078,richard38@example.com
440,Dustin Patton,70,"9671 Mark Mount
Dalehaven, PR 67216",001-231-382-9208,vrowe@example.com
441,Erin Schultz,59,"59310 Greene Brook
West Kimberly, VI 32877",001-557-568-7536x0101,christopher28@example.org
442,Debbie Russell,35,"903 Austin Passage
East Michelle, NC 62952",(748)984-1717x7110,careyalbert@example.org
443,Kelsey Rich,43,"462 Martin Gateway Suite 330
New Jakemouth, CO 58265",666.554.7280x3578,ehensley@example.org
444,Jason Bailey,48,"060 Walker Manors Suite 912
Aprilstad, IA 56987",467.200.4128,kathyluna@example.org
445,Miguel Gates,31,"8904 Mercado Courts
Connieborough, AK 58460",6127115501,xmontes@example.org
446,Brian Holland,78,"172 Medina Knolls
Mindyberg, KS 18528",539.630.2713x12806,amberjohnson@example.org
447,Whitney Alvarez,67,"PSC 0461, Box 4537
APO AP 11658",(483)317-9944x16663,odavis@example.com
448,Jessica Thomas,75,"Unit 6723 Box 9528
DPO AE 18527",855-988-8363x62268,danielleedwards@example.org
449,Thomas Jones MD,28,"935 Gross Ranch Suite 047
Kyleport, MS 46599",746.642.3477x677,amanda22@example.org
450,Jamie Curtis,45,"52912 Phillip Rapids Suite 679
Bensonbury, HI 40141",001-703-535-0917x295,smithbeth@example.org
451,Matthew Mcclure,19,"PSC 4909, Box 7037
APO AE 70482",(295)843-3859,duane65@example.com
452,Debra Terry,65,"38055 Nelson Estate
Gilbertbury, MT 23203",001-309-977-7175,yvettestanton@example.org
453,Benjamin Stone,47,"282 Harper Glen
Glennton, WA 72216",353-372-0528,rodriguezwesley@example.net
454,Caitlin Hall,55,"894 Gomez Key
Kelleybury, DE 39037",777.899.0203,xmorrison@example.com
455,John Barry,58,"Unit 7383 Box 0438
DPO AA 93224",390-956-1391,dbryant@example.com
456,Alexander Nguyen,52,"393 Blair Ways
Jessehaven, NE 71372",+1-592-518-5067,parkkevin@example.com
457,Molly Gilbert,23,"8259 Mendoza Land
Lisaberg, GU 42830",834-482-7286x8187,schwartztheresa@example.net
458,Barbara Chambers,56,"8637 John Common Apt. 209
Taylorport, LA 08141",746.914.4028,rebeccalamb@example.net
459,Mrs. Lauren Cole MD,44,"0792 Hoffman Valleys Suite 897
Port Mary, HI 42725",(396)864-5861x4780,meganjohnson@example.net
460,Steven Palmer,53,"82515 Gonzales Brooks
Lake Justin, AR 23095",912-749-9007x1014,ebell@example.com
461,Gary Mccullough,59,"234 Malone Points Suite 048
Bowersview, WY 98444",001-885-381-7486x286,qsolomon@example.org
462,George Quinn,60,"23363 Tammy Forges
Andersonmouth, VA 03382",520-377-0360x6452,bjoseph@example.org
463,Denise Cooper,46,"079 Butler Circle
Harrisonshire, OK 46911",853.370.8857,thomassharp@example.com
464,Thomas Mason,18,"04135 Cox Shore Apt. 411
Jessicaton, PR 57847",225.776.0004,hornwendy@example.com
465,Lisa Gonzalez,55,"6920 Thomas Unions
Port Tammy, AS 28291",906-213-2018,pramirez@example.com
466,Megan Banks,71,"495 Jacob Lake
New Amyview, PW 21913",3676769215,adavis@example.net
467,Roger Smith,46,"8248 Ford Lights Apt. 265
Huynhborough, NJ 26273",944.719.0225,mannjoshua@example.net
468,Erica Williams,57,"1957 Perry Mall Apt. 746
South Williammouth, SC 02252",(434)921-9412x4569,brownrobert@example.net
469,Cathy Hughes,57,"4959 Fleming Trace Apt. 996
Mitchellberg, RI 54976",+1-468-326-9349x42806,mejiaandrea@example.org
470,Carl Huber,28,"804 Austin Road
Hullstad, AL 47405",(509)394-3828x6798,morriskatherine@example.net
471,Heather Graham,76,"2823 Miranda Plaza Apt. 518
Lukeland, ME 96604",(233)243-3164x6125,mason92@example.net
472,Timothy Perry,33,"716 Alexandra Place
Samanthaberg, WY 99376",001-940-261-3909x183,johnsmith@example.net
473,Jasmin Ramirez,27,"41099 Wilson Mills Apt. 996
Skinnertown, ND 26306",001-668-528-7189,gbrooks@example.org
474,David Donaldson Jr.,65,"PSC 4761, Box 0145
APO AA 50664",+1-572-266-4811x37621,uzimmerman@example.net
475,Mr. Lawrence Sullivan Jr.,38,"9525 Kyle Cove
Morganside, AK 63792",001-502-526-1448x51735,michael33@example.org
476,Frank Scott,42,"36042 Dawson Trafficway Suite 810
South Jessica, OH 33614",+1-340-356-0469,jessicamalone@example.org
477,Elizabeth Mcconnell,79,"304 Matthew Springs Apt. 807
Jefferyfurt, RI 16316",001-540-912-5561x76629,danielmaynard@example.net
478,David Johnson,61,"USS Wallace
FPO AP 21766",(933)749-2910,daniel60@example.com
479,Samantha Parker,74,"82850 Mitchell View
Williamstown, ME 91249",001-967-461-0308x9919,qfaulkner@example.org
480,James Phillips PhD,24,"55800 Miller Highway
New Kirk, CT 70288",3427280705,janice26@example.net
481,Ellen Moses,48,"5205 Gomez Island
Justinport, NE 87263",+1-546-525-1695,christopher52@example.org
482,Joshua Reilly,44,"89430 Davis Viaduct
Lake Brittanyport, ME 69899",298.734.7660x520,vgiles@example.net
483,David Mahoney,65,"41563 Luke Mews
Hamiltonport, DC 63243",+1-959-342-6324x98953,yatesmark@example.org
484,Briana Dunn,62,"58917 Cathy Glens Suite 913
Carpenterburgh, ND 68083",4225517296,barbarajohnson@example.org
485,Tammy Stephenson,41,"24315 Stone Prairie
Port Julieville, AK 18703",364-500-2291x82667,martinalan@example.org
486,John Bailey,43,"Unit 1005 Box 2519
DPO AE 23970",(881)785-4929,michael86@example.net
487,Mark Collier,53,"Unit 8685 Box 9620
DPO AE 23323",(863)853-4279x030,dunnlisa@example.com
488,April Hammond,74,"0261 Torres Mission Apt. 035
West Phillipborough, UT 95155",603-814-7262x1463,ygrimes@example.com
489,Alexander Ware,53,"3728 Daniels Locks
Port Melissaport, IL 14311",(502)954-0185,jonathannguyen@example.net
490,Jamie Craig,64,"5241 Corey Centers Apt. 281
South Davidmouth, PA 90351",514-453-0599,zacharybrandt@example.org
491,Rhonda Schmidt,53,"USCGC Franklin
FPO AP 57399",724.754.9249,nburns@example.org
492,Alan Williams,56,"97235 Brown Overpass Apt. 510
Rebeccaborough, MN 18914",724-301-1659,michaelschultz@example.org
493,Timothy Phillips,36,"PSC 7655, Box 7800
APO AP 08802",001-940-587-2981x35380,fshaw@example.net
494,Larry Chapman,48,"3338 Guerrero Point
Kimberlyfurt, IL 01328",+1-386-472-5016,kristidavis@example.com
495,Donna Hernandez,34,"37669 Jacobson Parkway Suite 737
Williamsmouth, GU 37222",(321)585-5241,lrodriguez@example.com
496,Danielle White,76,"171 Wagner Haven Suite 838
Whitestad, WY 81469",(968)543-1253x71665,elizabeth29@example.net
497,Caroline Mercado,47,"674 Miller Parkways
Davisview, SC 13266",290-944-2884x4336,arice@example.org
498,Phillip Norman,71,"294 Robert Ferry
East Kimberlyland, VI 38282",+1-785-954-2074x454,isabella36@example.org
499,Linda Townsend,68,"2322 Ward Extensions Apt. 440
Alanmouth, ME 17000",+1-831-938-3274x671,hphillips@example.com
500,Dr. Tara Baker,80,"5754 Timothy Views Suite 819
West Matthew, SC 79207",710-606-2889x5549,oliviajones@example.net
